id,username,dobicek_zaenkrat0
1,efenix0,0
2,cdudley1,0
3,awahner2,0
4,vkiff3,0
5,pastin4,0
6,yblackman5,0
7,frobertsen6,0
8,kwerrett7,0
9,ttibbotts8,0
10,ibonner9,0
11,newbacha,0
12,sgannicleffb,0
13,mhabardc,0
14,gaaronsohnd,0
15,xgodbeheree,0
16,ubrenstonf,0
17,bjimenezg,0
18,bbohillsh,0
19,sgamblini,0
20,vdrooganj,0
21,fleedsk,0
22,dcullonl,0
23,becclestonem,0
24,wconfaitn,0
25,gwenmano,0
26,gspridgenp,0
27,rkeppeq,0
28,bhailstonr,0
29,akleinhauss,0
30,nmakert,0
31,iaskinu,0
32,hdunseathv,0
33,esalew,0
34,bnialx,0
35,rhamnery,0
36,ntunacliftz,0
37,idreher10,0
38,broddan11,0
39,cpieter12,0
40,ccollyns13,0
41,gsmithson14,0
42,ftaggert15,0
43,sskurm16,0
44,lstannett17,0
45,cfuller18,0
46,mspeariett19,0
47,amathiot1a,0
48,tkaes1b,0
49,sdodge1c,0
50,hmcquillin1d,0
51,gdyble1e,0
52,jpedican1f,0
53,gkennedy1g,0
54,bmusselwhite1h,0
55,gascough1i,0
56,hodevey1j,0
57,ngantlett1k,0
58,apaulat1l,0
59,eforten1m,0
60,nungerechts1n,0
61,mcorain1o,0
62,mthunnerclef1p,0
63,taldwick1q,0
64,wbritt1r,0
65,asellers1s,0
66,lalyutin1t,0
67,lbrindley1u,0
68,emacfadzean1v,0
69,dwych1w,0
70,krowell1x,0
71,ntonkinson1y,0
72,phenryson1z,0
73,jtilt20,0
74,cbolland21,0
75,cbeevers22,0
76,hedsall23,0
77,mgodlip24,0
78,qalesio25,0
79,jtrusslove26,0
80,wwellstead27,0
81,stempest28,0
82,dpindar29,0
83,skeith2a,0
84,rbridson2b,0
85,tfoxhall2c,0
86,hloghan2d,0
87,mlowdes2e,0
88,jbezley2f,0
89,ggroneway2g,0
90,ftotman2h,0
91,hpinare2i,0
92,lpheby2j,0
93,ksaw2k,0
94,bwilstead2l,0
95,erue2m,0
96,aseamon2n,0
97,erolles2o,0
98,cpassman2p,0
99,gvilliers2q,0
100,rcrathern2r,0
101,cklyn2s,0
102,tagiolfinger2t,0
103,ymacdowall2u,0
104,cgeekie2v,0
105,cbazire2w,0
106,acavozzi2x,0
107,csignorelli2y,0
108,jmabbitt2z,0
109,lghilks30,0
110,acapponer31,0
111,sseally32,0
112,fvallantine33,0
113,jpassby34,0
114,cmeldon35,0
115,fvosper36,0
116,rgrove37,0
117,hgonsalvo38,0
118,pfibbens39,0
119,cornillos3a,0
120,fpachta3b,0
121,dleggon3c,0
122,moshiels3d,0
123,giliff3e,0
124,hquinby3f,0
125,asamwell3g,0
126,htomlin3h,0
127,pgrzelewski3i,0
128,lfinicj3j,0
129,sheindl3k,0
130,ayves3l,0
131,rconan3m,0
132,hstquenin3n,0
133,mkluge3o,0
134,langlish3p,0
135,rbarham3q,0
136,itasch3r,0
137,phalliberton3s,0
138,wthorp3t,0
139,erown3u,0
140,rmaccumiskey3v,0
141,djarlmann3w,0
142,jmerlin3x,0
143,lmaleney3y,0
144,oseligson3z,0
145,gbeeze40,0
146,mhaggarty41,0
147,zalbrook42,0
148,mscothorne43,0
149,lhall44,0
150,rmacgaughy45,0
151,cmcnern46,0
152,tkyle47,0
153,pharback48,0
154,jsergison49,0
155,rshenton4a,0
156,dbrownsword4b,0
157,rduke4c,0
158,rvouls4d,0
159,fstriker4e,0
160,slegerton4f,0
161,clynam4g,0
162,hgodden4h,0
163,bpaeckmeyer4i,0
164,pkidby4j,0
165,cantonetti4k,0
166,vlongstreeth4l,0
167,groyston4m,0
168,tokroy4n,0
169,bpaulitschke4o,0
170,ceasey4p,0
171,aglassborow4q,0
172,amcgeown4r,0
173,jfelten4s,0
174,jmcginnis4t,0
175,brickhuss4u,0
176,mcrocroft4v,0
177,lguinan4w,0
178,sfairney4x,0
179,agoulding4y,0
180,qdeboo4z,0
181,twhittlesee50,0
182,esemens51,0
183,btwigger52,0
184,bremnant53,0
185,rcollibear54,0
186,pbigland55,0
187,pzamorano56,0
188,ivakhrushin57,0
189,rmacsherry58,0
190,nletchmore59,0
191,eollington5a,0
192,cdrable5b,0
193,bramm5c,0
194,ldiem5d,0
195,mdaulby5e,0
196,akilgrove5f,0
197,bounsworth5g,0
198,fpudney5h,0
199,nbreawood5i,0
200,wfarbrother5j,0
201,epennrington5k,0
202,enewling5l,0
203,sschimann5m,0
204,lburgoine5n,0
205,ealoshikin5o,0
206,rgrimmert5p,0
207,rsamart5q,0
208,lchiverstone5r,0
209,azaniolo5s,0
210,hvatcher5t,0
211,tundy5u,0
212,sondrak5v,0
213,sromanelli5w,0
214,bdacosta5x,0
215,fdemcak5y,0
216,dhayes5z,0
217,kphilippet60,0
218,dcrawshaw61,0
219,fgroves62,0
220,yungerechts63,0
221,bbrundle64,0
222,cboatswain65,0
223,lsallans66,0
224,imccracken67,0
225,mbogace68,0
226,eridgway69,0
227,apagett6a,0
228,twoodrow6b,0
229,cmumberson6c,0
230,btruter6d,0
231,kperillo6e,0
232,llegg6f,0
233,tsollon6g,0
234,abolding6h,0
235,cmorpeth6i,0
236,kfader6j,0
237,asidle6k,0
238,ahearmon6l,0
239,sdonohue6m,0
240,smccroft6n,0
241,acarlton6o,0
242,edeppen6p,0
243,melleton6q,0
244,amattingly6r,0
245,msandwich6s,0
246,acowp6t,0
247,hmurthwaite6u,0
248,wanchor6v,0
249,jtallboy6w,0
250,jclappison6x,0
251,mantonutti6y,0
252,sbercevelo6z,0
253,twidd70,0
254,dgarwell71,0
255,ablenkensop72,0
256,pping73,0
257,tbalhatchet74,0
258,mblacklidge75,0
259,mduferie76,0
260,pdemarchi77,0
261,ssimmance78,0
262,chaysar79,0
263,adoughill7a,0
264,mbartolomeazzi7b,0
265,ecopsey7c,0
266,blinder7d,0
267,mgeddes7e,0
268,gallnatt7f,0
269,despino7g,0
270,iblackledge7h,0
271,cstickland7i,0
272,edollen7j,0
273,gkoppelmann7k,0
274,dhevey7l,0
275,ggason7m,0
276,aratcliffe7n,0
277,cmundee7o,0
278,enyland7p,0
279,holeksinski7q,0
280,lallin7r,0
281,ecluer7s,0
282,lboadby7t,0
283,cknapper7u,0
284,hburghill7v,0
285,mphripp7w,0
286,vdearth7x,0
287,dlarkcum7y,0
288,rphlippi7z,0
289,bfidge80,0
290,bfotherby81,0
291,iludgate82,0
292,cgribbins83,0
293,lstrover84,0
294,skincla85,0
295,tmcalister86,0
296,sosgood87,0
297,jarmatys88,0
298,hbeagen89,0
299,bskittles8a,0
300,echasles8b,0
301,rbreitling8c,0
302,cfall8d,0
303,akenworthey8e,0
304,hbernat8f,0
305,vcomrie8g,0
306,goxtaby8h,0
307,agagan8i,0
308,cpail8j,0
309,nsaintepaul8k,0
310,ldring8l,0
311,gtabourin8m,0
312,sstockill8n,0
313,ycurl8o,0
314,bmacquire8p,0
315,mhaines8q,0
316,ehegley8r,0
317,rmallinson8s,0
318,fbeardwood8t,0
319,ekment8u,0
320,fcolum8v,0
321,ssherry8w,0
322,eklainman8x,0
323,mmatthias8y,0
324,langear8z,0
325,joldis90,0
326,dbentje91,0
327,arehn92,0
328,gmuckleston93,0
329,lcharley94,0
330,jizkovicz95,0
331,tbeau96,0
332,gjoire97,0
333,khamby98,0
334,jcuddehy99,0
335,gbanthorpe9a,0
336,iadcocks9b,0
337,rsowersby9c,0
338,nhebdon9d,0
339,hrawlings9e,0
340,rbattey9f,0
341,dcraw9g,0
342,jteasdalemarkie9h,0
343,ttansly9i,0
344,cdowe9j,0
345,creddoch9k,0
346,wbeekman9l,0
347,sspargo9m,0
348,cgoves9n,0
349,rdoumerque9o,0
350,tcolley9p,0
351,ksomerfield9q,0
352,mlowndsborough9r,0
353,gormond9s,0
354,zmccorrie9t,0
355,lfierman9u,0
356,nreap9v,0
357,bniche9w,0
358,mcrowther9x,0
359,ublessed9y,0
360,ogarza9z,0
361,fgocha0,0
362,frufa1,0
363,kkenefordea2,0
364,mwhitwella3,0
365,kburlesa4,0
366,cklinea5,0
367,pearpea6,0
368,ndeblasiisa7,0
369,jodella8,0
370,vmeneoa9,0
371,rbillsonaa,0
372,btysonab,0
373,sdannehlac,0
374,nwicklingad,0
375,achaundyae,0
376,hnewlinaf,0
377,hrubrowag,0
378,hmaundrellah,0
379,fhaackerai,0
380,dsherredaj,0
381,wmcdirmidak,0
382,abahiaal,0
383,sthornewellam,0
384,mtwellsan,0
385,sswithenbyao,0
386,gburminghamap,0
387,aandrzejakaq,0
388,rvandenveldenar,0
389,sfaloonas,0
390,rfeverat,0
391,jwarfieldau,0
392,cmcpaikav,0
393,gcarwithimaw,0
394,aloughranax,0
395,ejagielskiay,0
396,esellekaz,0
397,ngiacubob0,0
398,mcasellab1,0
399,mjiroutekb2,0
400,rbusekb3,0
401,ljenneryb4,0
402,rdunnionb5,0
403,khaighb6,0
404,mscatchardb7,0
405,hfullardb8,0
406,afriedmanb9,0
407,ckneelba,0
408,jrazzellbb,0
409,psmithinbc,0
410,jroocroftbd,0
411,rsentenbe,0
412,fmurbybf,0
413,mbarnwillebg,0
414,slanyonbh,0
415,noliphardbi,0
416,mbisetbj,0
417,wmattityahoubk,0
418,bsnowlingbl,0
419,pbyrchbm,0
420,cwernherbn,0
421,pheineckebo,0
422,mdorewardbp,0
423,jjocelynbq,0
424,rletsonbr,0
425,rgonnetbs,0
426,tbreckonbt,0
427,ddevinebu,0
428,ckordasbv,0
429,nivanisovbw,0
430,bdesaverybx,0
431,asnoddyby,0
432,nbladgebz,0
433,fseinec0,0
434,pextancec1,0
435,cuphamc2,0
436,bdenersc3,0
437,jwittyc4,0
438,sgellionc5,0
439,gplumbleyc6,0
440,knicklinc7,0
441,junsworthc8,0
442,htauntonc9,0
443,cegaltonca,0
444,ykickcb,0
445,viacovaccicc,0
446,bspelsburycd,0
447,tblydece,0
448,crougheycf,0
449,fwaldramcg,0
450,vleijsch,0
451,cglasscooci,0
452,kferrieroicj,0
453,vwedlockck,0
454,hdunsmorecl,0
455,dsorrellcm,0
456,gpestrickecn,0
457,tlanchburyco,0
458,tsinkinscp,0
459,smanolovcq,0
460,tdunsfordcr,0
461,owagstaffecs,0
462,lperksct,0
463,glowdianecu,0
464,amcpeckcv,0
465,fdunkleycw,0
466,bzanucioliicx,0
467,dzapatacy,0
468,smartcz,0
469,cmargarsond0,0
470,kconnealyd1,0
471,cmulcasterd2,0
472,ebraikenridged3,0
473,mcroucherd4,0
474,mbylesd5,0
475,ecrakerd6,0
476,rshelmardined7,0
477,ccastellid8,0
478,cfazziolid9,0
479,tbengtsenda,0
480,ldimitrescudb,0
481,cgoundrilldc,0
482,bdanilyukdd,0
483,eburrissde,0
484,smanueaudf,0
485,jmcclevertydg,0
486,dslatedh,0
487,mmerrikindi,0
488,gdiklesdj,0
489,mdignondk,0
490,mhantuschdl,0
491,ngoutcherdm,0
492,bkaindn,0
493,nslimmingdo,0
494,skiehnedp,0
495,gborhamdq,0
496,asykoradr,0
497,aspeekds,0
498,hmoaksondt,0
499,rrivlindu,0
500,kbaisondv,0
501,zollertondw,0
502,jbranscombedx,0
503,ltoffuldy,0
504,abaracloughdz,0
505,bmcorkille0,0
506,bmongere1,0
507,czannuttie2,0
508,ahuscrofte3,0
509,chassene4,0
510,cvasyukhine5,0
511,asimione6,0
512,ghavertye7,0
513,rlamertone8,0
514,ewolfarthe9,0
515,tmatteuzziea,0
516,kbarrabealeeb,0
517,ahansberryec,0
518,akillbyed,0
519,kbrideokeee,0
520,kisaacef,0
521,lpedrolloeg,0
522,tbruinseh,0
523,kthulbornei,0
524,achetwyndej,0
525,thargetek,0
526,gnunnsel,0
527,mmuckianem,0
528,cmelmethen,0
529,mmarzelloeo,0
530,gscowcroftep,0
531,neddoweq,0
532,khenrieer,0
533,hmontfortes,0
534,zjappet,0
535,xklassmanneu,0
536,gingsev,0
537,mnosworthyew,0
538,gwynesex,0
539,cgiacobilioey,0
540,wpollokez,0
541,mbernetf0,0
542,jhaggarthf1,0
543,tconewf2,0
544,rhumbyf3,0
545,croscamf4,0
546,obelliardf5,0
547,hbarffordf6,0
548,mmiddlemissf7,0
549,hparrettf8,0
550,sselmanf9,0
551,acawsonfa,0
552,rlindstedtfb,0
553,scolmorefc,0
554,kbrandhamfd,0
555,mgoodingsfe,0
556,ameneghelliff,0
557,holdknowefg,0
558,droundfh,0
559,drultonfi,0
560,adudderidgefj,0
561,lsheltonfk,0
562,galfwyfl,0
563,mfawlteyfm,0
564,bnodesfn,0
565,sbooyfo,0
566,tlehrerfp,0
567,mphinnfq,0
568,pmaliffefr,0
569,mwarlandfs,0
570,rmilleft,0
571,dhaeslierfu,0
572,iguerreirofv,0
573,mlehenmannfw,0
574,atrowsdalefx,0
575,brossinfy,0
576,dslarkefz,0
577,tkingsnorthg0,0
578,jwillgossg1,0
579,gbrachellg2,0
580,ncogglesg3,0
581,clehrerg4,0
582,swhalg5,0
583,truslingg6,0
584,bmaryg7,0
585,pohickeeg8,0
586,jblakedeng9,0
587,ogasquoinega,0
588,cmckeongb,0
589,jriddettgc,0
590,adomengegd,0
591,dalimange,0
592,tjephcotegf,0
593,lgenckegg,0
594,jainsburygh,0
595,hhutchingesgi,0
596,geulgj,0
597,tlawliegk,0
598,kgainorgl,0
599,amckimmgm,0
600,rcruisegn,0
601,ehundallgo,0
602,brobinetgp,0
603,ecowndengq,0
604,alitzmanngr,0
605,awhitbreadgs,0
606,tbrothersgt,0
607,relmergu,0
608,eringhamgv,0
609,lhurlegw,0
610,hmcguggygx,0
611,snorwellgy,0
612,tsteggalsgz,0
613,creignoldsh0,0
614,seadsh1,0
615,dhumpageh2,0
616,rsalterh3,0
617,vribeyh4,0
618,tnewbornh5,0
619,hkilminsterh6,0
620,gaingerh7,0
621,pkillbeyh8,0
622,cmaccrossonh9,0
623,lglasmanha,0
624,gcolbranhb,0
625,jestcourthc,0
626,mmorahd,0
627,mdwyerhe,0
628,mcastellacciohf,0
629,rranyardhg,0
630,egrisehh,0
631,geardhi,0
632,rmingayhj,0
633,emitchellhk,0
634,osapsonhl,0
635,cchalkhm,0
636,kotridgehn,0
637,cdelfho,0
638,kholehousehp,0
639,carguilehq,0
640,svasnevhr,0
641,dcaveths,0
642,gtorresiht,0
643,ntraylenhu,0
644,jcrepinhv,0
645,drassmannhw,0
646,cworviellhx,0
647,emolesworthhy,0
648,dheidenhz,0
649,ubattistai0,0
650,whebdoni1,0
651,aspottswoodi2,0
652,rcabrerai3,0
653,charnettyi4,0
654,tilemi5,0
655,rashwelli6,0
656,ykrzysztofiaki7,0
657,wgildersleevei8,0
658,gfroggatti9,0
659,fsmullenia,0
660,dfennerib,0
661,mcanaanic,0
662,jjouningid,0
663,ckunzie,0
664,kdeclerqif,0
665,mkisbyig,0
666,eheningamih,0
667,loransii,0
668,ecuffij,0
669,cellseik,0
670,mmcsporonil,0
671,bwadelinim,0
672,jbeckfordin,0
673,lbreddyio,0
674,jlabetip,0
675,lbuckeiq,0
676,hburchillir,0
677,ceasbieis,0
678,vknibbsit,0
679,aseaiu,0
680,dlovelliv,0
681,kmackennyiw,0
682,cgarnhamix,0
683,umenauteauiy,0
684,xsetterfieldiz,0
685,uglencrosj0,0
686,gmccorryj1,0
687,blerwellj2,0
688,jalvaresj3,0
689,rkivlinj4,0
690,fguietj5,0
691,jellicockj6,0
692,jpieperj7,0
693,bmattionij8,0
694,scavendishj9,0
695,agaffneyja,0
696,gdeesonjb,0
697,ykienljc,0
698,atytjd,0
699,mstarkieje,0
700,xrevettjf,0
701,fstebbinjg,0
702,fgoforthjh,0
703,obrayshayji,0
704,sbloschkejj,0
705,rlangelaanjk,0
706,abrightiejl,0
707,larrighijm,0
708,cmataninjn,0
709,rwhottonjo,0
710,atewkesburyjp,0
711,bscarejq,0
712,jkennetjr,0
713,gtirreyjs,0
714,khurworthjt,0
715,aamyesju,0
716,tstoylejv,0
717,oreddingtonjw,0
718,hgreenroajx,0
719,udomeniconejy,0
720,kslipperjz,0
721,acoppenhallk0,0
722,rtisonk1,0
723,msimk2,0
724,trodriguesk3,0
725,dmationk4,0
726,lpostillk5,0
727,geschek6,0
728,rkopsk7,0
729,lpetruszkak8,0
730,hfosseyk9,0
731,pgoomska,0
732,csacasekb,0
733,lbessellkc,0
734,mmcenenykd,0
735,jhaggettke,0
736,vsmallridgekf,0
737,slardgekg,0
738,tcruftskh,0
739,fkarpychevki,0
740,kbauduinkj,0
741,tgarriquekk,0
742,pmacavddykl,0
743,eburchattkm,0
744,gtchirkn,0
745,jcommonko,0
746,hgracewoodkp,0
747,rdampkq,0
748,trushmarekr,0
749,cspearmanks,0
750,wdowthwaitekt,0
751,aivkovicku,0
752,amatveikokv,0
753,jgooddaykw,0
754,mfussiekx,0
755,bdurdyky,0
756,knewcomenkz,0
757,jkittlel0,0
758,bjarmainl1,0
759,ipothecaryl2,0
760,emcgeel3,0
761,keadmeadsl4,0
762,vfriel5,0
763,kchapplel6,0
764,asuthrenl7,0
765,acesconl8,0
766,aextilll9,0
767,gsoutarla,0
768,npierrepontlb,0
769,dnoadslc,0
770,dciciottild,0
771,esimionatole,0
772,kbaughanlf,0
773,gmacgrathlg,0
774,alatchlh,0
775,tmccotterli,0
776,jsladlj,0
777,garnelllk,0
778,alorencll,0
779,amarriottlm,0
780,ccalifornialn,0
781,zshovlinlo,0
782,fcreddonlp,0
783,awhaplingtonlq,0
784,fpeermanlr,0
785,cjedraszczykls,0
786,ecappineerlt,0
787,ccargenvenlu,0
788,skezoureclv,0
789,bstronghilllw,0
790,asteedlx,0
791,kdanilevichly,0
792,wgwalterlz,0
793,hgrealym0,0
794,akmieciakm1,0
795,etalkingtonm2,0
796,jscinim3,0
797,mwittenm4,0
798,amedforthm5,0
799,eprosem6,0
800,sfurstm7,0
801,anorvillem8,0
802,pallseppm9,0
803,douldcottma,0
804,mhegdonnemb,0
805,eobraymc,0
806,rcanetmd,0
807,lbowshireme,0
808,adadleymf,0
809,ehaggettmg,0
810,mdugmoremh,0
811,nmoundmi,0
812,rklementmj,0
813,wstickneymk,0
814,dsimcockml,0
815,cshirermm,0
816,omcphadenmn,0
817,amcfaulmo,0
818,cslymemp,0
819,tbaumadiermq,0
820,knisenmr,0
821,astandellms,0
822,pfoadmt,0
823,ewhitcombmu,0
824,drudgemv,0
825,bfrankhammw,0
826,dfarnellmx,0
827,uvilliersmy,0
828,bsammondsmz,0
829,ngwinnettn0,0
830,bkardosn1,0
831,athirkettlen2,0
832,kfontellesn3,0
833,cjedrychn4,0
834,rsweetsurn5,0
835,cmapstonen6,0
836,ayelln7,0
837,gamottn8,0
838,alorinczn9,0
839,bdingwallna,0
840,jkitchasidenb,0
841,tconvillenc,0
842,nharridaynd,0
843,kpetrakne,0
844,hburnyeatnf,0
845,tvidyapinng,0
846,jlewsamnh,0
847,jconellyni,0
848,lfaichnienj,0
849,mtabouriernk,0
850,tdoicknl,0
851,eshalloonm,0
852,bbowmakernn,0
853,cswafferno,0
854,gpeponnp,0
855,hfrantsevnq,0
856,htribblenr,0
857,hdavisns,0
858,ahackneynt,0
859,obodhamnu,0
860,pillingnv,0
861,zmaddysonnw,0
862,ishotboultnx,0
863,csimonichny,0
864,olylesnz,0
865,lsmallridgeo0,0
866,rgunthero1,0
867,cgorrieso2,0
868,edowgillo3,0
869,hsummertono4,0
870,bleupoldto5,0
871,sclausiuso6,0
872,aissono7,0
873,mbrignallo8,0
874,rstorkso9,0
875,avignaloa,0
876,jdouldenob,0
877,uoatesoc,0
878,rrapinod,0
879,cbrechinoe,0
880,mdudingof,0
881,nraymenog,0
882,kbryersoh,0
883,tcambdenoi,0
884,slinehamoj,0
885,tpragnallok,0
886,rlovartol,0
887,hpaoliniom,0
888,fkenelinon,0
889,cperigoeoo,0
890,dpaynesop,0
891,pnewmanoq,0
892,vnapletonor,0
893,mkenratos,0
894,dkedwellot,0
895,osawoodou,0
896,mbraunov,0
897,rscutcheonow,0
898,santyshevox,0
899,bcolleroy,0
900,gaddisoz,0
901,ncortonp0,0
902,cschulzep1,0
903,pmcrobertsp2,0
904,jahreniusp3,0
905,ccarenp4,0
906,melldredp5,0
907,aivashnyovp6,0
908,tnobrigap7,0
909,mgroartyp8,0
910,cstubbertp9,0
911,cfillgatepa,0
912,wcauderliepb,0
913,gfawlkespc,0
914,jmanntschkepd,0
915,oeliepe,0
916,pcoshampf,0
917,msmythepg,0
918,mbensonph,0
919,bpleavinpi,0
920,olyfepj,0
921,nmcclorypk,0
922,atongepl,0
923,kkovelmannpm,0
924,chambricpn,0
925,igarbarpo,0
926,hlornepp,0
927,wmarjanovicpq,0
928,efennellypr,0
929,ngarmansonps,0
930,rcorneillept,0
931,tgowardpu,0
932,rcastellspv,0
933,cmartyginpw,0
934,cbullarpx,0
935,yredheadpy,0
936,lrowcastlepz,0
937,eervineq0,0
938,dandrockq1,0
939,mmcglaughnq2,0
940,wkenningtonq3,0
941,nmithamq4,0
942,ccyplesq5,0
943,bbelchq6,0
944,omacalpinq7,0
945,cmcavinq8,0
946,slinneyq9,0
947,rsouthernqa,0
948,mwiffieldqb,0
949,emarquessqc,0
950,rgiberdqd,0
951,aarrellqe,0
952,fmatonqf,0
953,pmoldqg,0
954,ntyerqh,0
955,gkellochqi,0
956,dkettoeqj,0
957,lholdinqk,0
958,ssaphql,0
959,tbeddoesqm,0
960,jmackimmieqn,0
961,jfowlsqo,0
962,ojentetqp,0
963,dcornfordqq,0
964,jcysterqr,0
965,lhalleyqs,0
966,cblowqt,0
967,tpinsonqu,0
968,mmackenzieqv,0
969,apactatqw,0
970,hgoultqx,0
971,jarentsqy,0
972,aidelqz,0
973,jzanettir0,0
974,rkilloughr1,0
975,jfreegardr2,0
976,cwoolwardr3,0
977,cpiperleyr4,0
978,icanonr5,0
979,pstainlandr6,0
980,fceaserr7,0
981,cnolderr8,0
982,lwilkinsonr9,0
983,alistonera,0
984,mguilaemrb,0
985,rmcandierc,0
986,agatwardrd,0
987,jmacmillanre,0
988,fculliprf,0
989,dborerrg,0
990,bdunawayrh,0
991,rmangeonri,0
992,knovakovicrj,0
993,pwibberleyrk,0
994,lgrewcockrl,0
995,mtweederm,0
996,tbagenalrn,0
997,kpetranekro,0
998,gnelrp,0
999,tcheerrq,0
1000,jmckagrr,0
